<BackupInst xmlns="http://www.microsoft.com/GroupPolicy/GPOOperations/Manifest"><GPOGuid><![CDATA[{A5AFD2FC-6F88-44E8-9CD6-783D6DAF9753}]]></GPOGuid><GPODomain><![CDATA[sos.lan]]></GPODomain><GPODomainGuid><![CDATA[{ca5e7e1d-c878-4b15-a67d-55e91678501b}]]></GPODomainGuid><GPODomainController><![CDATA[dc.sos.lan]]></GPODomainController><BackupTime><![CDATA[2023-08-01T22:00:47]]></BackupTime><ID><![CDATA[{BF932DFE-99E7-4DDC-9CB7-5DEA3AEE4074}]]></ID><Comment><![CDATA[]]></Comment><GPODisplayName><![CDATA[SOS - FireFox STIG]]></GPODisplayName></BackupInst>
