<BackupInst xmlns="http://www.microsoft.com/GroupPolicy/GPOOperations/Manifest"><GPOGuid><![CDATA[{264003AD-DDCD-4C6A-BDD2-EB7FC193052F}]]></GPOGuid><GPODomain><![CDATA[sos.lan]]></GPODomain><GPODomainGuid><![CDATA[{0069038d-2ece-441b-81b7-6f6254c1b9b8}]]></GPODomainGuid><GPODomainController><![CDATA[SOSDC1.sos.lan]]></GPODomainController><BackupTime><![CDATA[2020-08-27T21:42:16]]></BackupTime><ID><![CDATA[{256C9417-4F54-497A-95BB-8F025DD47211}]]></ID><Comment><![CDATA[]]></Comment><GPODisplayName><![CDATA[DoD - Adobe Reader Cont. - Computer]]></GPODisplayName></BackupInst>
