<BackupInst xmlns="http://www.microsoft.com/GroupPolicy/GPOOperations/Manifest"><GPOGuid><![CDATA[{4CBB3E03-EB2E-486F-B702-0884D1B5B2CF}]]></GPOGuid><GPODomain><![CDATA[soc.lan]]></GPODomain><GPODomainGuid><![CDATA[{b817496b-720f-4d46-b41a-dea295bd0a30}]]></GPODomainGuid><GPODomainController><![CDATA[dc1.soc.lan]]></GPODomainController><BackupTime><![CDATA[2022-07-15T21:43:13]]></BackupTime><ID><![CDATA[{6431CF18-403D-4DEC-AF23-BCB18292E78A}]]></ID><Comment><![CDATA[]]></Comment><GPODisplayName><![CDATA[DoD - Publisher 2013]]></GPODisplayName></BackupInst>
