<BackupInst xmlns="http://www.microsoft.com/GroupPolicy/GPOOperations/Manifest"><GPOGuid><![CDATA[{4A9A1E55-03CE-4864-9BA9-CB0AEC608C4C}]]></GPOGuid><GPODomain><![CDATA[sos.lan]]></GPODomain><GPODomainGuid><![CDATA[{ca5e7e1d-c878-4b15-a67d-55e91678501b}]]></GPODomainGuid><GPODomainController><![CDATA[dc.sos.lan]]></GPODomainController><BackupTime><![CDATA[2023-08-01T22:01:02]]></BackupTime><ID><![CDATA[{4BC9485E-8C28-40BE-A6C0-51ED6855AB56}]]></ID><Comment><![CDATA[]]></Comment><GPODisplayName><![CDATA[SOS - Browser Configurations]]></GPODisplayName></BackupInst>
