<BackupInst xmlns="http://www.microsoft.com/GroupPolicy/GPOOperations/Manifest"><GPOGuid><![CDATA[{2B50617F-27B2-46C5-B07E-A5A72B971600}]]></GPOGuid><GPODomain><![CDATA[soc.lan]]></GPODomain><GPODomainGuid><![CDATA[{b817496b-720f-4d46-b41a-dea295bd0a30}]]></GPODomainGuid><GPODomainController><![CDATA[dc1.soc.lan]]></GPODomainController><BackupTime><![CDATA[2022-07-15T21:43:11]]></BackupTime><ID><![CDATA[{A0BC1714-C6A6-411E-8383-34182EDB6149}]]></ID><Comment><![CDATA[]]></Comment><GPODisplayName><![CDATA[DoD - Internet Explorer 11 - User]]></GPODisplayName></BackupInst>
