<BackupInst xmlns="http://www.microsoft.com/GroupPolicy/GPOOperations/Manifest"><GPOGuid><![CDATA[{2925AAE9-B84D-4C1A-9CE1-D4863246B709}]]></GPOGuid><GPODomain><![CDATA[soc.lan]]></GPODomain><GPODomainGuid><![CDATA[{b817496b-720f-4d46-b41a-dea295bd0a30}]]></GPODomainGuid><GPODomainController><![CDATA[dc1.soc.lan]]></GPODomainController><BackupTime><![CDATA[2022-07-15T21:43:10]]></BackupTime><ID><![CDATA[{FAD99305-2EF7-4F42-9A41-C810887C2694}]]></ID><Comment><![CDATA[]]></Comment><GPODisplayName><![CDATA[DoD - Visio 2016]]></GPODisplayName></BackupInst>
