<BackupInst xmlns="http://www.microsoft.com/GroupPolicy/GPOOperations/Manifest"><GPOGuid><![CDATA[{DC8C5191-FB60-4D1D-9D8C-34FDD57CF981}]]></GPOGuid><GPODomain><![CDATA[soc.lan]]></GPODomain><GPODomainGuid><![CDATA[{b817496b-720f-4d46-b41a-dea295bd0a30}]]></GPODomainGuid><GPODomainController><![CDATA[dc1.soc.lan]]></GPODomainController><BackupTime><![CDATA[2022-07-15T21:43:24]]></BackupTime><ID><![CDATA[{F2C58942-558E-4F18-B27E-BA5F47BA569F}]]></ID><Comment><![CDATA[]]></Comment><GPODisplayName><![CDATA[DoD - Access 2016]]></GPODisplayName></BackupInst>
