<Backups xmlns="http://www.microsoft.com/GroupPolicy/GPOOperations/Manifest" xmlns:mfst="http://www.microsoft.com/GroupPolicy/GPOOperations/Manifest" mfst:version="1.0"><BackupInst><GPOGuid><![CDATA[{59365BD9-355E-4451-AC47-D5B378A7277F}]]></GPOGuid><GPODomain><![CDATA[soc.lan]]></GPODomain><GPODomainGuid><![CDATA[{b817496b-720f-4d46-b41a-dea295bd0a30}]]></GPODomainGuid><GPODomainController><![CDATA[dc1.soc.lan]]></GPODomainController><BackupTime><![CDATA[2022-07-15T21:43:14]]></BackupTime><ID><![CDATA[{E6DD3B56-5369-42F5-9822-D2FD32BED15F}]]></ID><Comment><![CDATA[]]></Comment><GPODisplayName><![CDATA[DoD - Adobe Acrobat Reader DC Cont. - Computer]]></GPODisplayName></BackupInst></Backups>