<BackupInst xmlns="http://www.microsoft.com/GroupPolicy/GPOOperations/Manifest"><GPOGuid><![CDATA[{11713172-4D50-4BC8-80E7-75F01D524D30}]]></GPOGuid><GPODomain><![CDATA[soc.lan]]></GPODomain><GPODomainGuid><![CDATA[{b817496b-720f-4d46-b41a-dea295bd0a30}]]></GPODomainGuid><GPODomainController><![CDATA[dc1.soc.lan]]></GPODomainController><BackupTime><![CDATA[2022-07-15T21:43:07]]></BackupTime><ID><![CDATA[{05D5A3EA-95FA-4294-A5BC-4ABFAABE8EE1}]]></ID><Comment><![CDATA[]]></Comment><GPODisplayName><![CDATA[DoD - Horizon Client]]></GPODisplayName></BackupInst>
