<Backups xmlns="http://www.microsoft.com/GroupPolicy/GPOOperations/Manifest" xmlns:mfst="http://www.microsoft.com/GroupPolicy/GPOOperations/Manifest" mfst:version="1.0"><BackupInst mfst:SIPresent="true"><GPOGuid><![CDATA[{04F53A0D-3EF8-4C44-BC45-5B98FFB89465}]]></GPOGuid><GPODomain><![CDATA[soc.lan]]></GPODomain><GPODomainGuid><![CDATA[{b817496b-720f-4d46-b41a-dea295bd0a30}]]></GPODomainGuid><GPODomainController><![CDATA[dc1.soc.lan]]></GPODomainController><BackupTime><![CDATA[2022-07-15T21:36:17]]></BackupTime><ID><![CDATA[{9B8B80E1-6894-4E32-B4E5-0E7A45425A81}]]></ID><Comment><![CDATA[]]></Comment><GPODisplayName><![CDATA[SOS - Netbanner]]></GPODisplayName></BackupInst></Backups>