<Backups xmlns="http://www.microsoft.com/GroupPolicy/GPOOperations/Manifest" xmlns:mfst="http://www.microsoft.com/GroupPolicy/GPOOperations/Manifest" mfst:version="1.0"><BackupInst><GPOGuid><![CDATA[{24A3B8A2-3D31-438A-A127-53B363F53E66}]]></GPOGuid><GPODomain><![CDATA[soc.lan]]></GPODomain><GPODomainGuid><![CDATA[{b817496b-720f-4d46-b41a-dea295bd0a30}]]></GPODomainGuid><GPODomainController><![CDATA[dc1.soc.lan]]></GPODomainController><BackupTime><![CDATA[2022-07-15T21:43:10]]></BackupTime><ID><![CDATA[{1F0712AD-A34D-4810-BA2F-26B272241B25}]]></ID><Comment><![CDATA[]]></Comment><GPODisplayName><![CDATA[DoD - PowerPoint 2013]]></GPODisplayName></BackupInst></Backups>