<BackupInst xmlns="http://www.microsoft.com/GroupPolicy/GPOOperations/Manifest"><GPOGuid><![CDATA[{423F494B-3AF3-4F72-9CDF-7889B0869FB5}]]></GPOGuid><GPODomain><![CDATA[sos.lan]]></GPODomain><GPODomainGuid><![CDATA[{ca5e7e1d-c878-4b15-a67d-55e91678501b}]]></GPODomainGuid><GPODomainController><![CDATA[dc.sos.lan]]></GPODomainController><BackupTime><![CDATA[2023-08-01T22:01:17]]></BackupTime><ID><![CDATA[{C27A48F8-0442-485C-AA6E-84CA6EE64EAB}]]></ID><Comment><![CDATA[]]></Comment><GPODisplayName><![CDATA[SOS - Browser Configurations - Minimal]]></GPODisplayName></BackupInst>
