<BackupInst xmlns="http://www.microsoft.com/GroupPolicy/GPOOperations/Manifest"><GPOGuid><![CDATA[{6DA1376F-A214-4C6F-8991-A2B5453C0657}]]></GPOGuid><GPODomain><![CDATA[sos.lan]]></GPODomain><GPODomainGuid><![CDATA[{0069038d-2ece-441b-81b7-6f6254c1b9b8}]]></GPODomainGuid><GPODomainController><![CDATA[SOSDC1.sos.lan]]></GPODomainController><BackupTime><![CDATA[2020-08-27T21:42:12]]></BackupTime><ID><![CDATA[{8B435273-CCF4-41EF-A09D-F5450DCB14E4}]]></ID><Comment><![CDATA[]]></Comment><GPODisplayName><![CDATA[DoD - Adobe Reader Classic - User]]></GPODisplayName></BackupInst>
