<Backups xmlns="http://www.microsoft.com/GroupPolicy/GPOOperations/Manifest" xmlns:mfst="http://www.microsoft.com/GroupPolicy/GPOOperations/Manifest" mfst:version="1.0"><BackupInst><GPOGuid><![CDATA[{31A1909E-39BE-4834-9E16-AC4DBA82DE78}]]></GPOGuid><GPODomain><![CDATA[soc.lan]]></GPODomain><GPODomainGuid><![CDATA[{b817496b-720f-4d46-b41a-dea295bd0a30}]]></GPODomainGuid><GPODomainController><![CDATA[dc1.soc.lan]]></GPODomainController><BackupTime><![CDATA[2022-07-15T21:43:12]]></BackupTime><ID><![CDATA[{E2D06306-79E7-430C-969D-5A07D212D0EB}]]></ID><Comment><![CDATA[]]></Comment><GPODisplayName><![CDATA[DoD - Internet Explorer 11 - Computer]]></GPODisplayName></BackupInst></Backups>