<Backups xmlns="http://www.microsoft.com/GroupPolicy/GPOOperations/Manifest" xmlns:mfst="http://www.microsoft.com/GroupPolicy/GPOOperations/Manifest" mfst:version="1.0"><BackupInst><GPOGuid><![CDATA[{D767A6BE-52B2-461D-B9DC-E4FC6B690EA4}]]></GPOGuid><GPODomain><![CDATA[soc.lan]]></GPODomain><GPODomainGuid><![CDATA[{b817496b-720f-4d46-b41a-dea295bd0a30}]]></GPODomainGuid><GPODomainController><![CDATA[dc1.soc.lan]]></GPODomainController><BackupTime><![CDATA[2022-07-15T21:43:23]]></BackupTime><ID><![CDATA[{DA168E2A-CCB6-4A7A-BC83-9A47576FF977}]]></ID><Comment><![CDATA[]]></Comment><GPODisplayName><![CDATA[SOS - Branding]]></GPODisplayName></BackupInst></Backups>