<BackupInst xmlns="http://www.microsoft.com/GroupPolicy/GPOOperations/Manifest"><GPOGuid><![CDATA[{E4F5E5CE-F127-4431-BFEF-C21382D18825}]]></GPOGuid><GPODomain><![CDATA[soc.lan]]></GPODomain><GPODomainGuid><![CDATA[{b817496b-720f-4d46-b41a-dea295bd0a30}]]></GPODomainGuid><GPODomainController><![CDATA[dc1.soc.lan]]></GPODomainController><BackupTime><![CDATA[2022-07-15T21:43:25]]></BackupTime><ID><![CDATA[{607FAF67-1276-4684-82F8-06A8400A4E57}]]></ID><Comment><![CDATA[]]></Comment><GPODisplayName><![CDATA[DoD - Access 2013]]></GPODisplayName></BackupInst>
