<Backups xmlns="http://www.microsoft.com/GroupPolicy/GPOOperations/Manifest" xmlns:mfst="http://www.microsoft.com/GroupPolicy/GPOOperations/Manifest" mfst:version="1.0"><BackupInst><GPOGuid><![CDATA[{DB8E8CD4-4A2A-49B0-84B2-2F14F5CC4B62}]]></GPOGuid><GPODomain><![CDATA[soc.lan]]></GPODomain><GPODomainGuid><![CDATA[{b817496b-720f-4d46-b41a-dea295bd0a30}]]></GPODomainGuid><GPODomainController><![CDATA[dc1.soc.lan]]></GPODomainController><BackupTime><![CDATA[2022-07-15T21:43:24]]></BackupTime><ID><![CDATA[{422A8419-0D1C-4178-8C9E-AD62D519918E}]]></ID><Comment><![CDATA[]]></Comment><GPODisplayName><![CDATA[DoD - Google Chrome]]></GPODisplayName></BackupInst></Backups>