<?xml version="1.0" encoding="utf-8"?>
<RegistrySettings clsid="{A3CCFC41-DFDB-43a5-8D26-0FE8B954DA51}"><Registry clsid="{9CD4B2F4-923D-47f5-A062-E897DD1DAD50}" name="AppsUseLightTheme" status="AppsUseLightTheme" image="10" changed="2020-03-23 04:53:17" uid="{62C7BC62-1FA6-4C63-8185-87B5DF73812D}" bypassErrors="1"><Properties action="C" displayDecimal="1" default="0" hive="HKEY_CURRENT_USER" key="Software\Microsoft\Windows\CurrentVersion\Themes\Personalize" name="AppsUseLightTheme" type="REG_DWORD" value="00000000"/><Filters><FilterRunOnce hidden="1" not="0" bool="AND" id="{5028BCD2-14E5-4872-AE2D-A7E7F6227B53}"/>
		</Filters></Registry>
	<Registry clsid="{9CD4B2F4-923D-47f5-A062-E897DD1DAD50}" name="AppsUseLightTheme" status="AppsUseLightTheme" image="12" changed="2020-03-23 04:53:26" uid="{0FD80777-8A3D-418F-BDBF-CE5BB1DB95FC}" bypassErrors="1"><Properties action="U" displayDecimal="1" default="0" hive="HKEY_CURRENT_USER" key="Software\Microsoft\Windows\CurrentVersion\Themes\Personalize" name="AppsUseLightTheme" type="REG_DWORD" value="00000000"/><Filters/></Registry>
</RegistrySettings>
