<BackupInst xmlns="http://www.microsoft.com/GroupPolicy/GPOOperations/Manifest"><GPOGuid><![CDATA[{A1393657-7DDF-4096-ACC5-0D6E574B7335}]]></GPOGuid><GPODomain><![CDATA[sos.lan]]></GPODomain><GPODomainGuid><![CDATA[{0069038d-2ece-441b-81b7-6f6254c1b9b8}]]></GPODomainGuid><GPODomainController><![CDATA[SOSDC1.sos.lan]]></GPODomainController><BackupTime><![CDATA[2020-08-27T21:42:28]]></BackupTime><ID><![CDATA[{0C6CA945-B0DD-4CE6-99C3-90ED3BF5DFC1}]]></ID><Comment><![CDATA[]]></Comment><GPODisplayName><![CDATA[DoD - Adobe Reader Cont. - User]]></GPODisplayName></BackupInst>
