<Backups xmlns="http://www.microsoft.com/GroupPolicy/GPOOperations/Manifest" xmlns:mfst="http://www.microsoft.com/GroupPolicy/GPOOperations/Manifest" mfst:version="1.0"><BackupInst><GPOGuid><![CDATA[{918B3D94-84EC-43BA-82CC-FFA499AB6FC7}]]></GPOGuid><GPODomain><![CDATA[soc.lan]]></GPODomain><GPODomainGuid><![CDATA[{b817496b-720f-4d46-b41a-dea295bd0a30}]]></GPODomainGuid><GPODomainController><![CDATA[dc1.soc.lan]]></GPODomainController><BackupTime><![CDATA[2022-07-15T21:43:17]]></BackupTime><ID><![CDATA[{FEBA971B-64EE-4402-8CF3-BD8EFB68F987}]]></ID><Comment><![CDATA[]]></Comment><GPODisplayName><![CDATA[DoD - Office 2016 System - User]]></GPODisplayName></BackupInst></Backups>