<Backups xmlns="http://www.microsoft.com/GroupPolicy/GPOOperations/Manifest" xmlns:mfst="http://www.microsoft.com/GroupPolicy/GPOOperations/Manifest" mfst:version="1.0"><BackupInst><GPOGuid><![CDATA[{C0D249B0-C611-4713-B49F-37661FFE00FA}]]></GPOGuid><GPODomain><![CDATA[soc.lan]]></GPODomain><GPODomainGuid><![CDATA[{b817496b-720f-4d46-b41a-dea295bd0a30}]]></GPODomainGuid><GPODomainController><![CDATA[dc1.soc.lan]]></GPODomainController><BackupTime><![CDATA[2022-07-15T21:43:20]]></BackupTime><ID><![CDATA[{DFA0DE57-BE99-4835-90B3-0E1356736CC3}]]></ID><Comment><![CDATA[]]></Comment><GPODisplayName><![CDATA[SOS - GPO Loopback]]></GPODisplayName></BackupInst></Backups>