<BackupInst xmlns="http://www.microsoft.com/GroupPolicy/GPOOperations/Manifest"><GPOGuid><![CDATA[{A68CC0CC-A26F-4247-BE67-4437A2972205}]]></GPOGuid><GPODomain><![CDATA[sos.lan]]></GPODomain><GPODomainGuid><![CDATA[{ca5e7e1d-c878-4b15-a67d-55e91678501b}]]></GPODomainGuid><GPODomainController><![CDATA[dc.sos.lan]]></GPODomainController><BackupTime><![CDATA[2023-08-01T22:00:26]]></BackupTime><ID><![CDATA[{51EA0DC4-8D24-4491-B825-CF067628EAB3}]]></ID><Comment><![CDATA[]]></Comment><GPODisplayName><![CDATA[DoD - Mozilla FireFox]]></GPODisplayName></BackupInst>
