<Backups xmlns="http://www.microsoft.com/GroupPolicy/GPOOperations/Manifest" xmlns:mfst="http://www.microsoft.com/GroupPolicy/GPOOperations/Manifest" mfst:version="1.0"><BackupInst><GPOGuid><![CDATA[{A5F94D8E-29CA-4790-B4B5-8AC334E87B50}]]></GPOGuid><GPODomain><![CDATA[soc.lan]]></GPODomain><GPODomainGuid><![CDATA[{b817496b-720f-4d46-b41a-dea295bd0a30}]]></GPODomainGuid><GPODomainController><![CDATA[dc1.soc.lan]]></GPODomainController><BackupTime><![CDATA[2022-07-15T21:43:18]]></BackupTime><ID><![CDATA[{79126F19-4E24-4E9A-B2A7-449F8E5C96C9}]]></ID><Comment><![CDATA[]]></Comment><GPODisplayName><![CDATA[SOS - .NET Framework]]></GPODisplayName></BackupInst></Backups>