<BackupInst xmlns="http://www.microsoft.com/GroupPolicy/GPOOperations/Manifest"><GPOGuid><![CDATA[{8ABD3363-13A5-4DD4-A842-02BD73750596}]]></GPOGuid><GPODomain><![CDATA[soc.lan]]></GPODomain><GPODomainGuid><![CDATA[{b817496b-720f-4d46-b41a-dea295bd0a30}]]></GPODomainGuid><GPODomainController><![CDATA[dc1.soc.lan]]></GPODomainController><BackupTime><![CDATA[2022-07-15T21:43:16]]></BackupTime><ID><![CDATA[{115DD7FC-7EAB-481E-B5C6-2389371A9EA6}]]></ID><Comment><![CDATA[]]></Comment><GPODisplayName><![CDATA[DoD - Project 2016]]></GPODisplayName></BackupInst>
