<?xml version="1.0" encoding="utf-8"?>
<RegistrySettings clsid="{A3CCFC41-DFDB-43a5-8D26-0FE8B954DA51}"><Registry clsid="{9CD4B2F4-923D-47f5-A062-E897DD1DAD50}" name="LOGO" status="LOGO" image="5" changed="2020-03-23 04:38:38" uid="{42F22550-4918-4BC6-B150-8A65D15EC4B4}" bypassErrors="1"><Properties action="C" displayDecimal="1" default="0" hive="HKEY_LOCAL_MACHINE" key="SOFTWARE\Microsoft\Windows\CurrentVersion\OEMInformation" name="LOGO" type="REG_SZ" value="C:\ProgramData\Microsoft\User Account Pictures\oemlogo.bmp"/><Filters><FilterRunOnce hidden="1" not="0" bool="AND" id="{C36433F6-259F-4063-89CD-759AC6F3D202}"/>
		</Filters></Registry>
	<Registry clsid="{9CD4B2F4-923D-47f5-A062-E897DD1DAD50}" name="LOGO" status="LOGO" image="7" changed="2020-03-23 04:38:41" uid="{5ABAA583-2163-477C-B482-27ED11C1E21E}"><Properties action="U" displayDecimal="1" default="0" hive="HKEY_LOCAL_MACHINE" key="SOFTWARE\Microsoft\Windows\CurrentVersion\OEMInformation" name="LOGO" type="REG_SZ" value="C:\ProgramData\Microsoft\User Account Pictures\oemlogo.bmp"/></Registry>
</RegistrySettings>
