<BackupInst xmlns="http://www.microsoft.com/GroupPolicy/GPOOperations/Manifest"><GPOGuid><![CDATA[{FBD1475B-73EA-4A90-ADA6-EA775539EC74}]]></GPOGuid><GPODomain><![CDATA[soc.lan]]></GPODomain><GPODomainGuid><![CDATA[{b817496b-720f-4d46-b41a-dea295bd0a30}]]></GPODomainGuid><GPODomainController><![CDATA[dc1.soc.lan]]></GPODomainController><BackupTime><![CDATA[2022-07-15T21:43:26]]></BackupTime><ID><![CDATA[{F1725C92-4AD4-43B1-8E5F-0816D6DDB88D}]]></ID><Comment><![CDATA[]]></Comment><GPODisplayName><![CDATA[DoD - Windows Server 2012 R2 MS - Computer - Ansible Fixes]]></GPODisplayName></BackupInst>
