<BackupInst xmlns="http://www.microsoft.com/GroupPolicy/GPOOperations/Manifest"><GPOGuid><![CDATA[{4A3DF82D-CB56-4534-8262-44D7CF06DCFA}]]></GPOGuid><GPODomain><![CDATA[soc.lan]]></GPODomain><GPODomainGuid><![CDATA[{b817496b-720f-4d46-b41a-dea295bd0a30}]]></GPODomainGuid><GPODomainController><![CDATA[dc1.soc.lan]]></GPODomainController><BackupTime><![CDATA[2022-07-15T21:43:12]]></BackupTime><ID><![CDATA[{24A973F8-8374-425F-B2BA-5A688D4E6F19}]]></ID><Comment><![CDATA[]]></Comment><GPODisplayName><![CDATA[SOS - Applocker Addendum]]></GPODisplayName></BackupInst>
