<BackupInst xmlns="http://www.microsoft.com/GroupPolicy/GPOOperations/Manifest"><GPOGuid><![CDATA[{A68CC0CC-A26F-4247-BE67-4437A2972205}]]></GPOGuid><GPODomain><![CDATA[sos.lan]]></GPODomain><GPODomainGuid><![CDATA[{ca5e7e1d-c878-4b15-a67d-55e91678501b}]]></GPODomainGuid><GPODomainController><![CDATA[dc.sos.lan]]></GPODomainController><BackupTime><![CDATA[2023-07-31T22:21:55]]></BackupTime><ID><![CDATA[{D1A2A231-1DFD-4B15-9A5F-B2A371AF4865}]]></ID><Comment><![CDATA[]]></Comment><GPODisplayName><![CDATA[DoD - Mozilla FireFox]]></GPODisplayName></BackupInst>
