<BackupInst xmlns="http://www.microsoft.com/GroupPolicy/GPOOperations/Manifest"><GPOGuid><![CDATA[{42CFD084-6A3A-48BE-928F-F411E45F6945}]]></GPOGuid><GPODomain><![CDATA[soc.lan]]></GPODomain><GPODomainGuid><![CDATA[{b817496b-720f-4d46-b41a-dea295bd0a30}]]></GPODomainGuid><GPODomainController><![CDATA[dc1.soc.lan]]></GPODomainController><BackupTime><![CDATA[2022-07-15T21:43:12]]></BackupTime><ID><![CDATA[{AA677D07-BEF9-49D6-BB6C-BAD78901DAA1}]]></ID><Comment><![CDATA[]]></Comment><GPODisplayName><![CDATA[NSACyber - Applocker (Enforced)]]></GPODisplayName></BackupInst>
